Date,Url,Text,Impresiones,Interacciones,Ampliaciones de detalles,Visitas del perfil,Clics en enlaces,Reacciones ,Reposteos,Comentarios,Reproducciones √∫nicas,Reproducciones,Engagement_Rate,VINCULO_DE_NEGOCIO,PILAR,Tema
12/06/2025,https://x.com/Coppel/status/1933327532776173711,"Presentamos la evoluci√≥n de nuestra identidad visual: una llave m√°s vers√°til y contempor√°nea que refleja lo que somos hoy‚Ä¶ siempre con la cercan√≠a y confianza que nos caracterizan. 

#GrupoCoppel #T√∫EresLaLlave",2072,286,159,28,0,35,8,25,585,682,13.8,IMPULSAR AL TALENTO,MARCA EMPLEADORA,PROPUESTA DE VALOR
13/06/2025,https://x.com/Coppel/status/1933585164031926383,"En Grupo Coppel destinaremos $80 mmdp en 5 a√±os para fortalecer nuestra transformaci√≥n integral.
Impulsamos la expansi√≥n f√≠sica, la digitalizaci√≥n y la sostenibilidad, con un solo prop√≥sito: mejorar la vida de las personas. 
Conoce m√°s: https://cppl.io/aztotj
#T√∫EresLaLlave",1377,208,26,15,6,9,1,6,0,0,15.11,VISIBILIZAR OFERTA DE VALOR,OMNICANALIDAD,CATEGOR√çAS COMERCIALES Y FINANCIERAS
16/06/2025,https://x.com/Coppel/status/1934666891228008535,"Como parte del lanzamiento de nuestra nueva imagen, nos reunimos con medios y l√≠deres de la comunidad creativa para compartir la evoluci√≥n de Grupo Coppel.

Una marca m√°s √°gil, cercana y conectada con las personas.
Gracias a quienes fueron parte de este momento.

#T√∫EresLaLlave",1383,148,28,17,0,8,1,7,0,0,10.7,CONTRIBUIR Y REDUCIR RIESGOS,COMUNIDAD,SOSTENIBILIDAD Y ASG
17/06/2025,https://x.com/Coppel/status/1935028505567252895,"Gracias 
@Milenio
 por estar presente en nuestra conferencia de prensa. 

#T√∫EresLaLlave",1087,15,7,2,0,4,1,0,0,0,1.38,IMPULSAR AL TALENTO,MARCA EMPLEADORA,PROPUESTA DE VALOR
18/06/2025,https://x.com/Coppel/status/1935384339707216146,"Gracias 
@heraldodemexico
 por ser parte del anuncio de esta evoluci√≥n.

#T√∫EresLaLlave",1489,42,20,4,0,8,2,8,0,0,2.82,CONTRIBUIR Y REDUCIR RIESGOS,COMUNIDAD,SOSTENIBILIDAD Y ASG
23/06/2025,https://x.com/Coppel/status/1937224549797658817,Nuestro CEO Agust√≠n Coppel platic√≥ con El Pa√≠s en el marco del cambio de imagen y el anuncio de inversi√≥n de 80 mil mdp como parte nuestro plan de transformaci√≥n para los pr√≥ximos 5 a√±os,1003,33,17,0,0,8,0,6,0,0,3.29,VISIBILIZAR OFERTA DE VALOR,OMNICANALIDAD,CATEGOR√çAS COMERCIALES Y FINANCIERAS
27/06/2025,https://x.com/Coppel/status/1938681551467978849,"Directivas de √°reas estrat√©gicas en la evoluci√≥n de Grupo Coppel comparten por qu√© nuestra nueva imagen representa un cambio m√°s profundo de cara al cliente.
#TuEresLaLllave",1021,62,30,7,0,8,3,10,209,279,6.07,CONTRIBUIR Y REDUCIR RIESGOS,COMUNIDAD,SOSTENIBILIDAD Y ASG
03/07/2025,https://x.com/Coppel/status/1940878307907850737,"Nuestro Director Comercial, Diego Coppel, comparte por qu√© la nueva imagen representa una transformaci√≥n integral, donde los clientes son los protagonistas y tienen el poder de decidir y ser parte de la evoluci√≥n de Grupo Coppel. #T√∫EresLaLlave",771000,40,17,6,0,6,1,5,208,245,0.01,CONTRIBUIR Y REDUCIR RIESGOS,COMUNIDAD,SOSTENIBILIDAD Y ASG
04/07/2025,https://x.com/Coppel/status/1941208549016891508,"üèÖGrupo Coppel ocupa el primer lugar en el √çndice de Integridad Corporativa 500, del ranking ‚ÄúLas 500 empresas contra la corrupci√≥n‚Äù de 
@ExpansionMx
. Un reconocimiento a nuestras pol√≠ticas de integridad, transparencia y buenas pr√°cticas.
#OrgulloCoppel #Expansi√≥n500",962000,49,14,9,0,10,1,4,0,0,0.01,VISIBILIZAR OFERTA DE VALOR,OMNICANALIDAD,CATEGOR√çAS COMERCIALES Y FINANCIERAS
08/07/2025,https://x.com/Coppel/status/1942665696141553780,"#GrupoCoppel y 
@fonart_mx
 llevan 14 a√±os promoviendo el arte mexicano. En 2024, Coppel adquiri√≥ 20 mil piezas de Jalisco, Guerrero y Oaxaca, que se exhibieron en tiendas y se obsequiaron a clientes. ¬°Un orgullo impulsar lo #HechoEnM√©xico! üá≤üáΩ

M√°s info: https://cppl.io/gwh98I",662000,23,5,5,2,4,0,1,0,0,0.0,VISIBILIZAR OFERTA DE VALOR,OMNICANALIDAD,CATEGOR√çAS COMERCIALES Y FINANCIERAS
14/07/2025,https://x.com/Coppel/status/1944763128085893134,"#GrupoCoppel anuncia su nueva estructura de liderazgo: Diego Coppel Sullivan asume la Direcci√≥n General y Agust√≠n Coppel Luken permanece como Presidente del Consejoüü°üü°üü°
Conoce m√°s: https://cppl.io/SZWnwk",3215,458,0,45,23,24,11,3,0,0,14.25,IMPULSAR AL TALENTO,MARCA EMPLEADORA,DESARROLLO PROFESIONAL
16/07/2025,https://x.com/Coppel/status/1945517603918688347,"#GrupoCoppel trabaja cada d√≠a para ser un motor de inclusi√≥n financiera y social, y seguir mejorando la vida de las personas con productos y servicios de calidad.
En 2025, seguimos comprometidos con ser un buen vecino y estar donde nuestros clientes nos necesitan.
#ImpactoSocial",625000,8,0,3,0,3,0,1,134,173,0.0,VISIBILIZAR OFERTA DE VALOR,OMNICANALIDAD,CATEGOR√çAS COMERCIALES Y FINANCIERAS
18/07/2025,https://x.com/Coppel/status/1946250061450453309,"#GrupoCoppel anuncia nueva estructura directiva para impulsar su modelo de gobernanza y su visi√≥n de largo plazo.
Diego Coppel Sullivan asume la Direcci√≥n General, mientras que Agust√≠n Coppel Luken contin√∫a como Presidente del Consejo de Administraci√≥n.

#GobernanzaCorporativa",499000,8,0,4,0,1,0,1,0,0,0.0,IMPULSAR AL TALENTO,MARCA EMPLEADORA,PROPUESTA DE VALOR
23/07/2025,https://x.com/Coppel/status/1948133520229949817,"Facilitamos el acceso al financiamiento y a un transporte eficiente. En 2025, Coppel tendr√° 100 nuevas agencias especializadas.

¬°Queremos seguir impulsando la movilidad de millones de mexicanos con Coppel Motos! üèçÔ∏è

#MovilidadAccesible",632000,13,0,2,0,2,0,1,0,0,0.0,CONTRIBUIR Y REDUCIR RIESGOS,COMUNIDAD,SOSTENIBILIDAD Y ASG
25/07/2025,https://x.com/Coppel/status/1948835648216899887,"Celebramos que, gracias al apoyo de Fundaci√≥n Coppel y Fundaci√≥n M√©xico en Harvard, Aracely Guzm√°n iniciar√° sus estudios en Harvard para impulsar un sistema de salud m√°s justo y equitativo en M√©xico.
üéìSu compromiso nos inspira.
#OrgulloCoppel #Educaci√≥nQueTransforma",224000,8,0,4,0,1,0,1,0,0,0.0,CONTRIBUIR Y REDUCIR RIESGOS,COMUNIDAD,FUNDACI√ìN COPPEL
30/07/2025,https://x.com/Coppel/status/1950662727195889702,"En los pr√≥ximos 5 a√±os, Grupo Coppel destinar√° recursos para su #Evoluci√≥n. La transformaci√≥n incluye una nueva plataforma de e-commerce y tecnolog√≠a para impulsar la inclusi√≥n financiera de m√°s de 3 millones de personas. 
¬°Seguimos creciendo con nuestros clientes! ü§ù",88000,4,2,1,0,0,0,0,0,0,0.0,VISIBILIZAR OFERTA DE VALOR,OMNICANALIDAD,CATEGOR√çAS COMERCIALES Y FINANCIERAS
