T√≠tulo de la publicaci√≥n,Enlace de la publicaci√≥n,Tipo de publicaci√≥n,Anunciado por,Fecha de creaci√≥n,P√∫blico,Impresiones,Visualizaciones,Clics,Recomendaciones,Comentarios,Shares,TOTAL,VINCULO DE NEGOCIO,PILAR,Tema,FORMATO,2.23%,MES
"En #GrupoCoppel nos enorgullece compartir que tres de nuestras directivas han sido reconocidas en el ranking ""Las 100 Mujeres M√°s Poderosas de los Negocios"" de ExpansionMx 2025:
  
  Teresa Cabrera, Directora de Jur√≠dico, Cumplimiento y Enlaces Normativos
  Mar√≠a Luisa Velasco, Directora de Talento y Desarrollo
  Gloria Canales, Directora de Estrategia Digital
  
  Gracias Tere, Maria Luisa y Gloria por ser representantes del trabajo de cada una de las mujeres de Grupo Coppel, quienes juegan un papel fundamental en nuestra transformaci√≥n.
  
  #OrgulloCoppel #100MujeresPoderosas
  
  Ver ranking: https://cppl.io/jrlCTu",https://www.linkedin.com/feed/update/urn:li:activity:7300944443250020352,Org√°nico,Luis Degante,02/27/2025,Todos los seguidores,16927,,2878,584,25,60,669,IMPULSAR AL TALENTO,MARCA EMPLEADORA,DESARROLLO PROFESIONAL,carrusel,3.95%,2
"En #GrupoCoppel nos sumamos a la iniciativa del Consejo Coordinador Empresarial MX Oficial para la integraci√≥n laboral de mexicanos repatriados de Estados Unidos.
  
  Confiamos en que las empresas, adem√°s de ser motores de desarrollo econ√≥mico, podemos ser un agente de transformaci√≥n social y que el talento de los mexicanos que regresan fortalecer√° a nuestro pa√≠s.
  
  #OrgulloCoppel #OportunidadesParaTodos #CompromisoCoppel",https://www.linkedin.com/feed/update/urn:li:activity:7295487106758369282,Org√°nico,Luis Degante,02/12/2025,Todos los seguidores,13146,,496,208,15,21,244,IMPULSAR AL TALENTO,MARCA EMPLEADORA,PROPUESTA DE VALOR,carrusel,1.86%,2
"En #GrupoCoppel creemos en el poder de la educaci√≥n para transformar vidas.
  
  Ser reconocidos por la IFC - International Finance Corporation como una empresa pionera en beneficios a nuestros colaboradores que impactan el desarrollo de la primera infancia, nos motiva a seguir impulsando iniciativas que mejoren la vida de las personas.
  
  Cuando invertimos en la educaci√≥n, en la equidad y en el futuro de nuestra gente, creamos una sociedad m√°s justa y con m√°s oportunidades para todos.
  
  M√°s informaci√≥n: https://cppl.io/0yhPBY
  
  #OrgulloCoppel",https://www.linkedin.com/feed/update/urn:li:activity:7297355493683974146,Org√°nico,Luis Degante,02/17/2025,Todos los seguidores,14311,,2401,230,7,24,261,IMPULSAR AL TALENTO,MARCA EMPLEADORA,PROPUESTA DE VALOR,carrusel,1.82%,2
"En #GrupoCoppel seguimos apoyando la integraci√≥n laboral de mexicanos repatriados de EE.UU. Junto al Consejo Coordinador Empresarial MX Oficial y 148 empresas, sumamos m√°s de 50 mil empleos disponibles para fortalecer el talento y la econom√≠a de nuestro pa√≠s.
  
  #OrgulloCoppel #OportunidadesParaTodos #CompromisoCoppel",https://www.linkedin.com/feed/update/urn:li:activity:7299957386046328832,Org√°nico,Luis Degante,02/25/2025,Todos los seguidores,4907,,156,65,3,9,77,IMPULSAR AL TALENTO,MARCA EMPLEADORA,PROPUESTA DE VALOR,carrusel,1.57%,2
"¬°Felicidades a Angelica Bojorquez por recibir el premio Enrique Coppel Luken y ser reconocida por sus 25 a√±os de trayectoria en #GrupoCoppel! 
  
  Ang√©lica es un referente de liderazgo, innovaci√≥n y compromiso. Su visi√≥n estrat√©gica y sus aportaciones en la reingenier√≠a de procesos han sido clave para la consolidaci√≥n de nuestra cadena de suministro, que hoy es una de las m√°s robustas de Am√©rica Latina. üåé 
  
  Estamos muy orgullosos de contar con tu talento y dedicaci√≥n en nuestro equipo. Gracias por inspirarnos con tu trabajo impecable y por ser un ejemplo para todos nosotros. üôå
  
  #OrgulloCoppel #Convenci√≥nCoppel2025",https://www.linkedin.com/feed/update/urn:li:activity:7290779603999031296,Org√°nico,Luis Degante,01/30/2025,Todos los seguidores,12276,,785,365,44,13,422,IMPULSAR AL TALENTO,MARCA EMPLEADORA,DESARROLLO PROFESIONAL,imagen,3.44%,1
"En #GrupoCoppel estamos convencidos de que el liderazgo y la visi√≥n estrat√©gica son fundamentales para transformar vidas y generar valor sostenible.
  
  Estamos convencidos de que el trabajo en equipo y un buen liderazgo nos permitir√° alcanzar la visi√≥n de ser la tienda omnicanal y de servicios financieros personales y digitales, favorita del mercado masivo. 
  
  Gracias a la gu√≠a de Agust√≠n Coppel Luken y al talento de los 120,000 colaboradores que conformamos Grupo Coppel, nos seguimos consolidado como una empresa a la vanguardia tecnol√≥gica, con un portafolio de productos diversificado, que impulsa la inclusi√≥n financiera y genera miles de empleos.
  
  Descubre m√°s sobre la visi√≥n y el liderazgo de Grupo Coppel: üëâ https://lnkd.in/eCJj3AtX
  
  #OrgulloCoppel #L√≠deresCoppel",https://www.linkedin.com/feed/update/urn:li:activity:7287536360096165888,Org√°nico,Cesar Terrazas,01/21/2025,Todos los seguidores,23217,,921,567,21,41,629,IMPULSAR AL TALENTO,MARCA EMPLEADORA,PROPUESTA DE VALOR,imagen,2.71%,1
"Con el firme compromiso de mejorar la vida de las personas, en #GrupoCoppel destinaremos m√°s de 14 mil millones de pesos en 2025 para la expansi√≥n y transformaci√≥n digital de nuestro negocio.
  
  Queremos seguir evolucionando para mantener la preferencia de nuestros clientes y construir una organizaci√≥n m√°s √°gil, eficiente y cercana, en beneficio de nuestros clientes, colaboradores y comunidades donde operamos.
  
  Conoce m√°s aqu√≠: https://cppl.io/sxo4TE
  
  #OrgulloCoppel #Transformaci√≥nDigital #Sostenibilidad",https://www.linkedin.com/feed/update/urn:li:activity:7290005820090507265,Org√°nico,Luis Degante,01/28/2025,Todos los seguidores,31898,,1227,855,67,111,1033,VISIBILIZAR OFERTA DE VALOR,OMNICANALIDAD,CATEGOR√çAS COMERCIALES Y FINANCIERAS,imagen,3.24%,1
"En una entrevista exclusiva con el medio internacional Bloomberg, nuestro presidente y director general, Agust√≠n Coppel, habl√≥ sobre el futuro de #GrupoCoppel. Con una asignaci√≥n de m√°s de 14 mil millones de pesos para 2025, planeamos abrir 100 nuevas tiendas, fortalecer nuestro ecosistema f√≠sico y digital y seguir ofreciendo cr√©dito accesible a millones de familias.
  
  Adem√°s, record√≥ el aprendizaje y legado que le dej√≥ su pap√°: 
  
  ""Cuando yo estaba de Gerente y me visitaba mi pap√° en la tienda, todo lo que ve√≠a √©l, yo no lo estaba viendo. Me dec√≠a, tienes un cuello de botella aqu√≠, abre este pasillo, tienes desacomodado esta √°rea [‚Ä¶] En una pasada me abr√≠a los ojos de muchas cosas que estaban sucediendo, siempre fue un muy buen aprendizaje.""
  
  Lee la entrevista completa aqu√≠: https://cppl.io/LrK2hX
  
  #OrgulloCoppel",https://www.linkedin.com/feed/update/urn:li:activity:7292669938933071872,Org√°nico,Luis Degante,02/04/2025,Todos los seguidores,50739,,2656,845,38,53,936,VISIBILIZAR OFERTA DE VALOR,OMNICANALIDAD,CATEGOR√çAS COMERCIALES Y FINANCIERAS,imagen,1.84%,2
"En #GrupoCoppel creemos que el bienestar comienza con la educaci√≥n y la salud. Por eso, a trav√©s de Fundaci√≥n Coppel, nos sumamos con entusiasmo a la Estrategia Nacional ""Vive Saludable, Vive Feliz"", un programa que impactar√° la vida de 12 millones de ni√±as y ni√±os en M√©xico, promoviendo h√°bitos saludables y facilitando el acceso a revisiones m√©dicas en escuelas. 
  
  Sabemos que acercar oportunidades a la infancia es apostar por un pa√≠s con m√°s bienestar y m√°s posibilidades de crecimiento para todos. Si mejoramos la vida de las personas, crecemos juntos.
  
  #ViveSaludableViveFeliz #CompromisoCoppel #OrgulloCoppel
  
  Ver m√°s: https://cppl.io/MUEdZv",https://www.linkedin.com/feed/update/urn:li:activity:7301300122603118592,Org√°nico,Luis Degante,02/28/2025,Todos los seguidores,2513,,79,42,4,6,52,CONTRIBUIR Y REDUCIR RIESGOS,COMUNIDAD,FUNDACI√ìN COPPEL,imagen,2.07%,2
"En #GrupoCoppel, estamos comprometidos con el desarrollo profesional de nuestros colaboradores y sus familias. Por ello, ofrecemos becas y programas acad√©micos a trav√©s de nuestra Universidad Corporativa Coppel, dise√±ados para fortalecer sus competencias y habilidades.
  
  Desde 2013, hemos becado a m√°s de 38,000 personas. Este 2024, celebramos con orgullo la graduaci√≥n de 1,034 colaboradores, quienes han completado su preparatoria, estudios profesionales o maestr√≠as, gracias a los programas acad√©micos que ponemos a su alcance.
  
  Felicitamos a cada egresado por transformar su futuro mediante la educaci√≥n. Nos llena de orgullo ser parte de su √©xito. üëè 
  
  #OrgulloCoppel #EgresadosUCC",https://www.linkedin.com/feed/update/urn:li:activity:7284660316662087680,Org√°nico,Mariana Torres,01/13/2025,Todos los seguidores,19281,10377,1185,221,17,28,266,IMPULSAR AL TALENTO,MARCA EMPLEADORA,DESARROLLO PROFESIONAL,V√≠deo,1.38%,1
"En esta entrega de #VocesQueInspiran te presentamos Isla Urbana, el proyecto creado por el dise√±ador industrial y emprendedor social Enrique Lomnitz. Junto a vecinos de colonias afectadas por la falta de agua en Ciudad de M√©xico, desarroll√≥ una soluci√≥n innovadora para capturar y aprovechar el agua de lluvia, enfrentando la escasez h√≠drica. 
  
  En #GrupoCoppel nos enorgullece dar visibilidad a iniciativas que mejoran la vida de las personas.
  
  Escucha la charla completa üëâ https://lnkd.in/dFdS3nHT",https://www.linkedin.com/feed/update/urn:li:activity:7286071304682668035,Org√°nico,Cesar Terrazas,01/17/2025,Todos los seguidores,7059,2562,321,59,1,3,63,CONTRIBUIR Y REDUCIR RIESGOS,COMUNIDAD,SOSTENIBILIDAD Y ASG,V√≠deo,0.89%,1
